{
"meta":{"test_sets":[],"test_metrics":[],"learn_metrics":[{"best_value":"Min","name":"RMSE"}],"launch_mode":"Train","parameters":"","iteration_count":100,"learn_sets":["learn"],"name":"experiment"},
"iterations":[
{"learn":[897788.2991],"iteration":0,"passed_time":0.1787013766,"remaining_time":17.69143629},
{"learn":[799617.0121],"iteration":1,"passed_time":0.1940730917,"remaining_time":9.509581493},
{"learn":[724624.7289],"iteration":2,"passed_time":0.20149945,"remaining_time":6.515148883},
{"learn":[683157.7498],"iteration":3,"passed_time":0.2091106109,"remaining_time":5.018654663},
{"learn":[662543.7719],"iteration":4,"passed_time":0.215325736,"remaining_time":4.091188983},
{"learn":[639671.8437],"iteration":5,"passed_time":0.2203110147,"remaining_time":3.45153923},
{"learn":[628019.328],"iteration":6,"passed_time":0.2250197573,"remaining_time":2.989548205},
{"learn":[600238.759],"iteration":7,"passed_time":0.2306229674,"remaining_time":2.652164125},
{"learn":[590733.0794],"iteration":8,"passed_time":0.2367540242,"remaining_time":2.393846245},
{"learn":[586820.5895],"iteration":9,"passed_time":0.2430581932,"remaining_time":2.187523739},
{"learn":[582375.5881],"iteration":10,"passed_time":0.2501645382,"remaining_time":2.024058536},
{"learn":[576950.7638],"iteration":11,"passed_time":0.2553267354,"remaining_time":1.87239606},
{"learn":[573016.7092],"iteration":12,"passed_time":0.2608800824,"remaining_time":1.745889782},
{"learn":[570665.6765],"iteration":13,"passed_time":0.2675807901,"remaining_time":1.643710568},
{"learn":[561351.6018],"iteration":14,"passed_time":0.2738773209,"remaining_time":1.551971485},
{"learn":[559862.849],"iteration":15,"passed_time":0.2781442268,"remaining_time":1.460257191},
{"learn":[558544.5309],"iteration":16,"passed_time":0.2837125374,"remaining_time":1.385184741},
{"learn":[554506.8084],"iteration":17,"passed_time":0.2893066903,"remaining_time":1.3179527},
{"learn":[546507.0485],"iteration":18,"passed_time":0.2960556899,"remaining_time":1.262132151},
{"learn":[545371.359],"iteration":19,"passed_time":0.3011405407,"remaining_time":1.204562163},
{"learn":[540467.1365],"iteration":20,"passed_time":0.306333294,"remaining_time":1.152396678},
{"learn":[533519.339],"iteration":21,"passed_time":0.3123206189,"remaining_time":1.107318558},
{"learn":[530768.8181],"iteration":22,"passed_time":0.3174076855,"remaining_time":1.06262573},
{"learn":[526548.8323],"iteration":23,"passed_time":0.3238935936,"remaining_time":1.025663046},
{"learn":[524279.2621],"iteration":24,"passed_time":0.3306051505,"remaining_time":0.9918154514},
{"learn":[522142.8124],"iteration":25,"passed_time":0.3378084196,"remaining_time":0.9614547327},
{"learn":[519810.4362],"iteration":26,"passed_time":0.3444058568,"remaining_time":0.9311713906},
{"learn":[517952.9553],"iteration":27,"passed_time":0.3496522486,"remaining_time":0.8991057821},
{"learn":[516666.5895],"iteration":28,"passed_time":0.3561171122,"remaining_time":0.8718729299},
{"learn":[515033.1121],"iteration":29,"passed_time":0.3640210349,"remaining_time":0.8493824148},
{"learn":[513919.3821],"iteration":30,"passed_time":0.3686693753,"remaining_time":0.8205866741},
{"learn":[512962.5326],"iteration":31,"passed_time":0.3737147762,"remaining_time":0.7941438994},
{"learn":[512172.3007],"iteration":32,"passed_time":0.3801000431,"remaining_time":0.7717182693},
{"learn":[511376.5871],"iteration":33,"passed_time":0.387450796,"remaining_time":0.7521103688},
{"learn":[510008.2291],"iteration":34,"passed_time":0.3923367579,"remaining_time":0.7286254075},
{"learn":[508424.3354],"iteration":35,"passed_time":0.3988781045,"remaining_time":0.7091166302},
{"learn":[506896.0062],"iteration":36,"passed_time":0.4053115465,"remaining_time":0.6901250656},
{"learn":[505403.8163],"iteration":37,"passed_time":0.4095956165,"remaining_time":0.6682875848},
{"learn":[505000.2241],"iteration":38,"passed_time":0.4164298306,"remaining_time":0.6513389658},
{"learn":[503645.1283],"iteration":39,"passed_time":0.4229261913,"remaining_time":0.634389287},
{"learn":[502602.275],"iteration":40,"passed_time":0.4302768745,"remaining_time":0.619178917},
{"learn":[502004.4513],"iteration":41,"passed_time":0.4362617821,"remaining_time":0.6024567467},
{"learn":[501212.9173],"iteration":42,"passed_time":0.4423340354,"remaining_time":0.5863497678},
{"learn":[497612.0937],"iteration":43,"passed_time":0.4489339774,"remaining_time":0.5713705167},
{"learn":[497122.9773],"iteration":44,"passed_time":0.4550866933,"remaining_time":0.5562170695},
{"learn":[496133.0824],"iteration":45,"passed_time":0.4604750272,"remaining_time":0.5405576406},
{"learn":[495173.9884],"iteration":46,"passed_time":0.4664952959,"remaining_time":0.5260478868},
{"learn":[494555.734],"iteration":47,"passed_time":0.4716784269,"remaining_time":0.5109849625},
{"learn":[493516.3581],"iteration":48,"passed_time":0.4782609805,"remaining_time":0.4977818369},
{"learn":[492519.2256],"iteration":49,"passed_time":0.4851796913,"remaining_time":0.4851796913},
{"learn":[491908.288],"iteration":50,"passed_time":0.491893691,"remaining_time":0.4726037424},
{"learn":[491505.9757],"iteration":51,"passed_time":0.4988577667,"remaining_time":0.4604840924},
{"learn":[490798.6906],"iteration":52,"passed_time":0.5046764861,"remaining_time":0.447543299},
{"learn":[490355.2733],"iteration":53,"passed_time":0.5106855619,"remaining_time":0.4350284416},
{"learn":[489866.1173],"iteration":54,"passed_time":0.5169354536,"remaining_time":0.4229471893},
{"learn":[488323.3451],"iteration":55,"passed_time":0.5221557739,"remaining_time":0.410265251},
{"learn":[487882.1763],"iteration":56,"passed_time":0.5280347162,"remaining_time":0.3983419789},
{"learn":[486236.5659],"iteration":57,"passed_time":0.5350206635,"remaining_time":0.3874287563},
{"learn":[485365.1265],"iteration":58,"passed_time":0.5419120084,"remaining_time":0.3765829211},
{"learn":[484916.4425],"iteration":59,"passed_time":0.5481203799,"remaining_time":0.3654135866},
{"learn":[482805.5016],"iteration":60,"passed_time":0.5518113042,"remaining_time":0.3527973912},
{"learn":[482235.2628],"iteration":61,"passed_time":0.5586595093,"remaining_time":0.3424042154},
{"learn":[481454.9541],"iteration":62,"passed_time":0.5654779166,"remaining_time":0.332106078},
{"learn":[480872.0461],"iteration":63,"passed_time":0.5724651942,"remaining_time":0.3220116717},
{"learn":[480512.5156],"iteration":64,"passed_time":0.5789786308,"remaining_time":0.3117577243},
{"learn":[479868.3627],"iteration":65,"passed_time":0.5849850452,"remaining_time":0.3013559324},
{"learn":[479063.7897],"iteration":66,"passed_time":0.5910730148,"remaining_time":0.2911255148},
{"learn":[478594.4529],"iteration":67,"passed_time":0.5985272696,"remaining_time":0.2816598916},
{"learn":[478046.4535],"iteration":68,"passed_time":0.6044117375,"remaining_time":0.2715473024},
{"learn":[477697.9083],"iteration":69,"passed_time":0.6107545535,"remaining_time":0.2617519515},
{"learn":[477206.079],"iteration":70,"passed_time":0.6171873325,"remaining_time":0.2520906006},
{"learn":[474586.6894],"iteration":71,"passed_time":0.6229404735,"remaining_time":0.2422546286},
{"learn":[472202.373],"iteration":72,"passed_time":0.6293075702,"remaining_time":0.2327575944},
{"learn":[471868.1421],"iteration":73,"passed_time":0.6350896843,"remaining_time":0.2231396188},
{"learn":[471436.7872],"iteration":74,"passed_time":0.6416679451,"remaining_time":0.213889315},
{"learn":[470352.8588],"iteration":75,"passed_time":0.6473221963,"remaining_time":0.2044175357},
{"learn":[469209.8198],"iteration":76,"passed_time":0.6528973714,"remaining_time":0.1950212928},
{"learn":[468477.708],"iteration":77,"passed_time":0.6592836149,"remaining_time":0.1859517888},
{"learn":[467951.247],"iteration":78,"passed_time":0.6646257867,"remaining_time":0.1766726775},
{"learn":[467431.4914],"iteration":79,"passed_time":0.6717071307,"remaining_time":0.1679267827},
{"learn":[466609.6952],"iteration":80,"passed_time":0.6773485476,"remaining_time":0.1588842272},
{"learn":[466258.7586],"iteration":81,"passed_time":0.6829047225,"remaining_time":0.1499059147},
{"learn":[466005.5019],"iteration":82,"passed_time":0.6884271152,"remaining_time":0.1410031441},
{"learn":[465521.4869],"iteration":83,"passed_time":0.694403351,"remaining_time":0.132267305},
{"learn":[464840.6273],"iteration":84,"passed_time":0.6996629188,"remaining_time":0.1234699268},
{"learn":[464408.5839],"iteration":85,"passed_time":0.7043155321,"remaining_time":0.1146560168},
{"learn":[464025.7673],"iteration":86,"passed_time":0.7103549479,"remaining_time":0.1061449922},
{"learn":[463665.9613],"iteration":87,"passed_time":0.7154223449,"remaining_time":0.09755759249},
{"learn":[463223.8851],"iteration":88,"passed_time":0.7213388601,"remaining_time":0.08915424114},
{"learn":[462872.3287],"iteration":89,"passed_time":0.7282535568,"remaining_time":0.08091706186},
{"learn":[462150.7927],"iteration":90,"passed_time":0.7350640657,"remaining_time":0.07269864386},
{"learn":[461615.0476],"iteration":91,"passed_time":0.7415092437,"remaining_time":0.06447906467},
{"learn":[461299.0601],"iteration":92,"passed_time":0.7480419346,"remaining_time":0.05630423164},
{"learn":[460101.7854],"iteration":93,"passed_time":0.7550547039,"remaining_time":0.0481949811},
{"learn":[459818.1213],"iteration":94,"passed_time":0.7610011343,"remaining_time":0.04005269128},
{"learn":[459317.3696],"iteration":95,"passed_time":0.7681187522,"remaining_time":0.03200494801},
{"learn":[458989.4816],"iteration":96,"passed_time":0.7745242777,"remaining_time":0.02395435911},
{"learn":[458686.0923],"iteration":97,"passed_time":0.7798228844,"remaining_time":0.01591475274},
{"learn":[458449.8696],"iteration":98,"passed_time":0.7855557134,"remaining_time":0.007934906196},
{"learn":[458120.1103],"iteration":99,"passed_time":0.7906942973,"remaining_time":0}
]}